id,first_name,last_name,email,gender,ip_address
1,Arron,Pavlenko,apavlenko0@state.tx.us,Male,161.152.104.196
2,Francyne,Brahms,fbrahms1@blogspot.com,Female,146.206.177.187
3,Marius,Carbry,mcarbry2@google.com.hk,Male,130.146.154.116
4,Clair,Klima,cklima3@drupal.org,Male,75.223.11.13
5,Clare,Pymar,cpymar4@noaa.gov,Male,148.131.38.106
6,Cathlene,Kike,ckike5@odnoklassniki.ru,Female,103.217.75.23
7,Aila,Labrenz,alabrenz6@ning.com,Female,183.248.241.110
8,Buckie,Gerish,bgerish7@mysql.com,Male,90.213.38.97
9,Chick,Pantridge,cpantridge8@feedburner.com,Male,99.160.161.109
10,Barde,Coleyshaw,bcoleyshaw9@domainmarket.com,Male,237.224.186.177
